{
  "expenses": [
    {
      "id": "f8d0",
      "category": "Project",
      "amount": "4322",
      "date": "2025-03-11",
      "purpose": "testing",
      "currency": "USD",
      "status": "Approved",
      "comment": "Approved"
    },
    {
      "id": "b037",
      "category": "Development",
      "amount": "22500",
      "date": "2025-03-07",
      "purpose": "Deploy Project",
      "currency": "INR",
      "status": "Rejected",
      "comment": "Not completed"
    },
    {
      "id": "0dc2",
      "category": "Maintanance",
      "amount": "550",
      "date": "2025-03-06",
      "purpose": "Maintanance",
      "currency": "EUR",
      "status": "Approved",
      "comment": "Completed"
    },
    {
      "id": "2323",
      "category": "Testing",
      "amount": "5000",
      "date": "2025-02-06",
      "purpose": "Automation",
      "currency": "EUR",
      "status": "Approved",
      "comment": "Approve"
    },
    {
      "id": "801c",
      "category": "Testing",
      "amount": "5643",
      "date": "2025-03-06",
      "purpose": "Testing",
      "currency": "EUR",
      "status": "Pending"
    },
    {
      "id": "556e",
      "category": "Testing",
      "amount": "1000",
      "date": "2025-03-04",
      "purpose": "testing",
      "currency": "USD",
      "status": "Rejected",
      "comment": "Approve"
    },
    {
      "id": "6686",
      "category": "Testing",
      "amount": "1000",
      "date": "2025-05-07",
      "purpose": "xyz",
      "currency": "USD",
      "status": "Pending"
    }
  ]
}